E_MeV,U235_el,U235_inel,U235_cap,U235_fis,U238_el,U238_inel,U238_cap,U238_fis,H1_el,H1_cap,H2_el,H2_cap,O16_el,O16_inel,O16_cap
2e-09,15.2,0,351,2081,9.3,0,9.532,0,20.45,1.183,3.39,0.001846,3.85,0,0.0006758
4e-09,15.2,0,248.2,1472,9.3,0,6.74,0,20.45,0.8365,3.39,0.001305,3.85,0,0.0004778
6e-09,15.2,0,202.7,1201,9.3,0,5.503,0,20.45,0.683,3.39,0.001066,3.85,0,0.0003902
8e-09,15.2,0,175.5,1041,9.3,0,4.766,0,20.45,0.5915,3.39,0.000923,3.85,0,0.0003379
1e-08,15.2,0,157,930.7,9.3,0,4.263,0,20.45,0.529,3.39,0.0008255,3.85,0,0.0003022
2e-08,15.2,0,111,658.1,9.3,0,3.014,0,20.45,0.3741,3.39,0.0005837,3.85,0,0.0002137
4e-08,15.2,0,78.5,465.3,9.3,0,2.131,0,20.45,0.2645,3.39,0.0004128,3.85,0,0.0001511
6e-08,14.5,0,64.09,379.9,9.3,0,1.74,0,20.45,0.216,3.39,0.000337,3.85,0,0.0001234
8e-08,14.5,0,55.51,329,9.3,0,1.507,0,20.45,0.187,3.39,0.0002919,3.85,0,0.0001068
1e-07,14.5,0,49.65,294.3,9.3,0,1.348,0,20.45,0.1673,3.39,0.0002611,3.85,0,9.557e-05
2e-07,13.87,0,35.1,208.1,9.3,0,0.9532,0,20.45,0.1183,3.39,0.0001846,3.85,0,6.758e-05
4e-07,13.26,0,24.82,147.2,9.3,0,0.674,0,20.45,0.08365,3.39,0.0001305,3.85,0,4.778e-05
6e-07,12.92,0,20.27,120.1,9.3,0,0.5503,0,20.45,0.0683,3.39,0.0001066,3.85,0,3.902e-05
8e-07,12.68,0,17.55,104.1,9.3,0,0.4766,0,20.45,0.05915,3.39,9.23e-05,3.85,0,3.379e-05
1e-06,12.5,0,15.7,93.07,9.3,0,0.4263,0,20.45,0.0529,3.39,8.255e-05,3.85,0,3.022e-05
2e-06,12.36,0,11.1,65.81,9.345,0,0.7228,0,20.45,0.03741,3.39,5.837e-05,3.85,0,2.137e-05
4e-06,12.22,0,7.85,46.53,9.37,0,0.9385,0,20.45,0.02645,3.39,4.128e-05,3.85,0,1.511e-05
6e-06,12.14,0,6.409,37.99,9.827,0,8.123,0,20.45,0.0216,3.39,3.37e-05,3.85,0,1.234e-05
8e-06,12.09,0,5.551,32.9,9.479,0,2.026,0,20.45,0.0187,3.39,2.919e-05,3.85,0,1.068e-05
1e-05,12.04,0,4.965,29.43,9.386,0,0.5245,0,20.45,0.01673,3.39,2.611e-05,3.85,0,9.557e-06
2e-05,11.91,0,3.51,20.81,13.77,0,10.22,0,20.43,0.01183,3.39,1.846e-05,3.85,0,6.758e-06
4e-05,11.77,0,2.482,14.72,11.23,0,1.323,0,20.42,0.008365,3.39,1.305e-05,3.85,0,4.778e-06
6e-05,11.7,0,2.027,12.01,9.532,0,0.2526,0,20.41,0.00683,3.39,1.066e-05,3.85,0,3.902e-06
8e-05,11.64,0,1.755,10.41,9.47,0,0.7338,0,20.4,0.005915,3.39,9.23e-06,3.85,0,3.379e-06
0.0001,11.6,0,1.57,9.307,14.36,0,1.698,0,20.4,0.00529,3.39,8.255e-06,3.85,0,3.022e-06
0.0002,11.55,0,1.11,6.581,11.47,0,2.627,0,20.37,0.003741,3.39,5.837e-06,3.85,0,2.137e-06
0.0004,11.51,0,0.785,4.653,10.92,0,2.2,0,20.34,0.002645,3.39,4.128e-06,3.85,0,1.511e-06
0.0006,11.48,0,0.6409,3.799,11.17,0,1.9,0,20.32,0.00216,3.39,3.37e-06,3.85,0,1.234e-06
0.0008,11.46,0,0.776,3.449,11.36,0,1.7,0,20.31,0.00187,3.39,2.919e-06,3.85,0,1.068e-06
0.001,11.45,0,0.9,3.2,11.5,0,1.5,0,20.3,0.001673,3.39,2.611e-06,3.85,0,9.557e-07
0.002,11.4,0,0.85,2.9,11.93,0,1.1,0,19.93,0.001183,3.384,1.846e-06,3.844,0,6.758e-07
0.004,11.36,0,0.8,2.6,12.38,0,0.85,0,19.57,0.0008365,3.378,1.305e-06,3.838,0,4.778e-07
0.006,11.33,0,0.75,2.45,12.65,0,0.72,0,19.36,0.000683,3.374,1.066e-06,3.834,0,3.902e-07
0.008,11.31,0,0.72,2.35,12.85,0,0.65,0,19.21,0.0005915,3.372,9.23e-07,3.832,0,3.379e-07
0.01,11.3,1e-30,0.7,2.3,13,0,0.6,0,19.1,0.000529,3.37,8.255e-07,3.83,0,3.022e-07
0.02,10.83,0.05,0.58,2.05,12.8,0,0.48,0,18,0.0003741,3.35,5.837e-07,3.82,0,2.137e-07
0.04,10.37,0.2,0.46,1.85,12.3,1e-30,0.33,0,16.3,0.0002645,3.31,4.128e-07,3.8,0,1.511e-07
0.06,10.11,0.3,0.4,1.75,11.9,0.12,0.25,0,15,0.000216,3.26,3.37e-07,3.78,0,1.234e-07
0.08,9.936,0.38,0.36,1.65,11.4,0.3,0.2,0,13.8,0.000187,3.22,2.919e-07,3.75,0,1.068e-07
0.1,9.8,0.45,0.33,1.6,11,0.45,0.17,0,12.7,0.0001673,3.17,2.611e-07,3.72,0,9.557e-08
0.2,8.5,0.65,0.24,1.4,9.5,0.85,0.12,0,9.8,0.0001183,2.98,1.846e-07,3.6,0,6.758e-08
0.4,6.8,0.85,0.16,1.2,7.8,1.15,0.1,1e-30,7,8.365e-05,2.78,1.305e-07,5.5,0,4.778e-08
0.6,5.8,1,0.12,1.15,6.6,1.4,0.1,0.0001,5.7,6.83e-05,2.66,1.066e-07,3,0,3.902e-08
0.8,5,1.15,0.1,1.13,5.4,1.8,0.11,0.0008,4.85,5.915e-05,2.58,9.23e-08,2.6,0,3.379e-08
1,4.4,1.3,0.09,1.2,4.6,2.2,0.12,0.012,4.26,5.29e-05,2.52,8.255e-08,4,0,3.022e-08
2,3.9,1.75,0.05,1.28,4.2,2.75,0.07,0.53,2.9,3.741e-05,2.25,5.837e-08,1.1,0,1e-06
4,4.3,1.8,0.015,1.12,4.4,2.6,0.025,0.55,1.9,2.645e-05,1.75,4.128e-08,1,0,0.02
6,3.6,1.4,0.008,1.5,3.9,2.45,0.01,0.6,1.45,2.16e-05,1.4,3.37e-08,1.1,1e-30,0.1
8,3,1.3,0.005,1.75,3.2,2.5,0.003,0.98,1.15,1.87e-05,1.15,2.919e-08,0.95,0.15,0.15
10,2.75,1.4,0.003,1.75,2.85,2.6,0.0015,0.99,0.95,1.673e-05,0.98,2.611e-08,0.9,0.35,0.2
